{
  "optimal_settings": {
    "model": "deepseek-coder",
    "prompt": "direct_mcode_evidence_based_concise",
    "cv_score": 0.9800000000000001,
    "cv_std": 0.039999999999999994,
    "optimization_timestamp": "2025-09-18T18:33:18.059887",
    "optimizer_version": "2.0.0"
  },
  "metadata": {
    "combinations_tested": 0,
    "cv_folds": 3,
    "total_trials": 5,
    "fold_scores": [
      1.0,
      0.9,
      1.0,
      1.0,
      1.0
    ],
    "metrics": {
      "precision": 0.9800000000000001,
      "recall": 0.9800000000000001,
      "f1_score": 0.9800000000000001
    }
  }
}